<?xml version="1.0" encoding="UTF-8" standalone="yes"?>
<addon id="plugin.video.htvonlinevn"
       name="htvonlinevn"
       version="1.1.0"
       provider-name="aRookie">
  <requires>
        <import addon="xbmc.python" version="2.1.0" optional="true" />
		<import addon="script.module.simplejson" />
		<import addon="script.module.t0mm0.common" version="1.1.0"/>
  </requires>
  <extension point="xbmc.python.pluginsource"
            library="default.py">
        <provides>video</provides>
  </extension>
  <extension point="xbmc.addon.metadata">
    <summary>http://www.htvonline.com.vn</summary>
    <description>Watch free TV at http://www.htvonline.com.vn</description>
	<disclaimer lang="en">I am not responsible for the contents of these streams, which are pulled from online provider(s). The streams do not represent my views or opinions in any way.</disclaimer>
    <platform>all</platform>
  </extension>
</addon>