<?xml version="1.0" encoding="UTF-8" standalone="yes"?>
<addon id="repository.daveln" name="DaveLN Repository" version="1.0" provider-name="DaveLN">
	<extension point="xbmc.addon.repository" name="DaveLN Addon Repository">
		<info compressed="false">https://github.com/daveln/repository.daveln/raw/master/addons.xml</info>
		<checksum>https://github.com/daveln/repository.daveln/raw/master/addons.xml.md5</checksum>
		<datadir zip="true">https://github.com/daveln/repository.daveln/raw/master/zips</datadir>
	</extension>
	<extension point="xbmc.addon.metadata">
		<summary>XBMC add-ons</summary>
		<description>Go though the add-ons and see what you like</description>
		<platform>all</platform>
	</extension>
</addon>