<?xml version="1.0" encoding="UTF-8" standalone="yes"?>
<addon id="plugin.video.phim3s.net"
       name="phim3s.net"
       version="1.0.0"
       provider-name="DaveLN">
  <requires>
        <import addon="xbmc.python" version="2.1.0" optional="true" />
		<import addon="script.module.simplejson" />
		<import addon="script.module.t0mm0.common" version="1.1.0"/>
  </requires>
  <extension point="xbmc.python.pluginsource"
            library="default.py">
        <provides>video</provides>
  </extension>
  <extension point="xbmc.addon.metadata">
    <summary>phim3s.net</summary>
    <description>Watch free movies at phim3s.net</description>
	<disclaimer lang="en">I am not responsible for the contents of these streams, which are pulled from online provider(s). The streams do not represent my views or opinions in any way.</disclaimer>	
    <platform>all</platform>
  </extension>
</addon>