<?xml version="1.0" encoding="UTF-8" standalone="yes"?>
<addon id="plugin.video.netmovie"
       name="[COLOR yellow]*nettivi[/COLOR]"
       version="[COLOR violet]1.0.1[/COLOR]"
       provider-name="[COLOR lime][B][COLOR chocolate]DaveLN[/B][/COLOR][/COLOR]">
  <requires>
        <import addon="xbmc.python" version="2.1.0" optional="true" />
		<import addon="script.module.simplejson" />
		<import addon="script.module.t0mm0.common" version="1.1.0"/>
  </requires>
  <extension point="xbmc.python.pluginsource"
            library="default.py">
        <provides>video</provides>
  </extension>
  <extension point="xbmc.addon.metadata">
    <summary>[COLOR cyan]TV[/COLOR]</summary>
    <description>[COLOR yellow]TV on internet[/COLOR]</description>
	<disclaimer lang="en">[COLOR red]I am not responsible for the contents of these streams, which are pulled from online provider(s). The streams do not represent my views or opinions in any way.[/COLOR]</disclaimer>	
    <platform>all</platform>
  </extension>
</addon>
